id,lightning
1,"(55.454549, 111.556586)"
2,"(51.850712, 112.202761)"
3,"(53.505258, 105.698797)"
4,"(52.657947, 110.778783)"
5,"(55.878244, 111.007782)"
6,"(51.800723, 110.20981)"
7,"(52.047363, 104.283794)"
8,"(54.013852, 106.115037)"
9,"(55.037582, 109.675852)"
10,"(49.513537, 110.092985)"
